contig	length	gc_perc	transl_table	cds_coding_density
contig_1062	50552	0.37	11	81.7
contig_1096	65151	0.58	11	86.67
contig_1169	39797	0.54	11	91.12
contig_1459	15486	0.46	11	79.58
contig_1460	15850	0.5	11	78.95
contig_200	109562	0.41	11	90.87
contig_267	62774	0.28	11	72.07
contig_400	15595	0.5	11	78.34
contig_58	85038	0.42	11	91.32
contig_644	72339	0.5	11	87.33
contig_815	56870	0.59	11	91.09
contig_820	13230	0.53	11	94.34
